{
  "width": 765,
  "height": 340,
  "cx": [
    [ "STOCK", 75 ],
    [ "APPARTIENT", 219 ],
    [ "PRODUIT", 350 ],
    [ "POSSEDE", 472 ],
    [ "SPECIFICITE", 611 ],
    [ "FOURNISSEUR", 75 ],
    [ "FOURNIT", 219 ],
    [ "CONTIENT", 350 ],
    [ "LOCATION", 472 ],
    [ "FAIT", 611 ],
    [ "CLIENT", 713 ]
  ],
  "cy": [
    [ "STOCK", 77 ],
    [ "APPARTIENT", 77 ],
    [ "PRODUIT", 77 ],
    [ "POSSEDE", 77 ],
    [ "SPECIFICITE", 77 ],
    [ "FOURNISSEUR", 246 ],
    [ "FOURNIT", 246 ],
    [ "CONTIENT", 246 ],
    [ "LOCATION", 246 ],
    [ "FAIT", 246 ],
    [ "CLIENT", 246 ]
  ],
  "shift": [
    [ "APPARTIENT,PRODUIT,0", 0 ],
    [ "APPARTIENT,STOCK,0", 0 ],
    [ "POSSEDE,PRODUIT,0", 0 ],
    [ "POSSEDE,SPECIFICITE,0", 0 ],
    [ "FOURNIT,FOURNISSEUR,0", 0 ],
    [ "FOURNIT,PRODUIT,0", 0 ],
    [ "CONTIENT,PRODUIT,0", 0 ],
    [ "CONTIENT,LOCATION,0", 0 ],
    [ "FAIT,CLIENT,0", 0 ],
    [ "FAIT,LOCATION,0", 0 ]
  ],
  "ratio": []
}
