{
  "width": 738,
  "height": 440,
  "cx": [
    [ "CLIENT", 130 ],
    [ "FAIT", 260 ],
    [ "LOCATION", 391 ],
    [ "CONTIENT", 522 ],
    [ "SITUE", 32 ],
    [ "LOCALISATION", 130 ],
    [ "FOURNISSEUR", 260 ],
    [ "FOURNIT", 391 ],
    [ "PRODUIT", 522 ],
    [ "POSSEDE", 661 ],
    [ "PAYS", 130 ],
    [ "PRESENT", 260 ],
    [ "STOCK", 391 ],
    [ "APPARTIENT", 522 ],
    [ "SPECIFICITE", 661 ]
  ],
  "cy": [
    [ "CLIENT", 85 ],
    [ "FAIT", 85 ],
    [ "LOCATION", 85 ],
    [ "CONTIENT", 85 ],
    [ "SITUE", 237 ],
    [ "LOCALISATION", 237 ],
    [ "FOURNISSEUR", 237 ],
    [ "FOURNIT", 237 ],
    [ "PRODUIT", 237 ],
    [ "POSSEDE", 237 ],
    [ "PAYS", 380 ],
    [ "PRESENT", 380 ],
    [ "STOCK", 380 ],
    [ "APPARTIENT", 380 ],
    [ "SPECIFICITE", 380 ]
  ],
  "shift": [
    [ "FAIT,CLIENT,0", 0 ],
    [ "FAIT,LOCATION,0", 0 ],
    [ "CONTIENT,PRODUIT,0", 0 ],
    [ "CONTIENT,LOCATION,0", 0 ],
    [ "SITUE,CLIENT,0", 0 ],
    [ "SITUE,PAYS,0", 0 ],
    [ "LOCALISATION,FOURNISSEUR,0", 0 ],
    [ "LOCALISATION,PAYS,0", 0 ],
    [ "FOURNIT,FOURNISSEUR,0", 0 ],
    [ "FOURNIT,PRODUIT,0", 0 ],
    [ "POSSEDE,PRODUIT,0", 0 ],
    [ "POSSEDE,SPECIFICITE,0", 0 ],
    [ "PRESENT,STOCK,0", 0 ],
    [ "PRESENT,PAYS,0", 0 ],
    [ "APPARTIENT,PRODUIT,0", 0 ],
    [ "APPARTIENT,STOCK,0", 0 ]
  ],
  "ratio": []
}
