{
  "width": 709,
  "height": 331,
  "cx": [
    [ "STOCK", 64 ],
    [ "APPARTIENT", 193 ],
    [ "PRODUIT", 313 ],
    [ "POSSEDE", 424 ],
    [ "SPECIFICITE", 561 ],
    [ "FOURNISSEUR", 64 ],
    [ "FOURNIT", 193 ],
    [ "CONTIENT", 313 ],
    [ "LOCATION", 424 ],
    [ "FAIT", 561 ],
    [ "CLIENT", 661 ]
  ],
  "cy": [
    [ "STOCK", 68 ],
    [ "APPARTIENT", 68 ],
    [ "PRODUIT", 68 ],
    [ "POSSEDE", 68 ],
    [ "SPECIFICITE", 68 ],
    [ "FOURNISSEUR", 237 ],
    [ "FOURNIT", 237 ],
    [ "CONTIENT", 237 ],
    [ "LOCATION", 237 ],
    [ "FAIT", 237 ],
    [ "CLIENT", 237 ]
  ],
  "shift": [
    [ "APPARTIENT,PRODUIT,0", 0 ],
    [ "APPARTIENT,STOCK,0", 0 ],
    [ "POSSEDE,PRODUIT,0", 0 ],
    [ "POSSEDE,SPECIFICITE,0", 0 ],
    [ "FOURNIT,FOURNISSEUR,0", 0 ],
    [ "FOURNIT,PRODUIT,0", 0 ],
    [ "CONTIENT,PRODUIT,0", 0 ],
    [ "CONTIENT,LOCATION,0", 0 ],
    [ "FAIT,CLIENT,0", 0 ],
    [ "FAIT,LOCATION,0", 0 ]
  ],
  "ratio": []
}
