{
  "width": 710,
  "height": 323,
  "cx": [
    [ "STOCK", 59 ],
    [ "APPARTIENT", 182 ],
    [ "PRODUIT", 298 ],
    [ "POSSEDE", 417 ],
    [ "SPECIFICITE", 556 ],
    [ "FOURNISSEUR", 59 ],
    [ "FOURNIT", 182 ],
    [ "CONTIENT", 298 ],
    [ "LOCATION", 417 ],
    [ "FAIT", 556 ],
    [ "CLIENT", 658 ]
  ],
  "cy": [
    [ "STOCK", 68 ],
    [ "APPARTIENT", 68 ],
    [ "PRODUIT", 68 ],
    [ "POSSEDE", 68 ],
    [ "SPECIFICITE", 68 ],
    [ "FOURNISSEUR", 229 ],
    [ "FOURNIT", 229 ],
    [ "CONTIENT", 229 ],
    [ "LOCATION", 229 ],
    [ "FAIT", 229 ],
    [ "CLIENT", 229 ]
  ],
  "shift": [
    [ "APPARTIENT,PRODUIT,0", 0 ],
    [ "APPARTIENT,STOCK,0", 0 ],
    [ "POSSEDE,PRODUIT,0", 0 ],
    [ "POSSEDE,SPECIFICITE,0", 0 ],
    [ "FOURNIT,FOURNISSEUR,0", 0 ],
    [ "FOURNIT,PRODUIT,0", 0 ],
    [ "CONTIENT,PRODUIT,0", 0 ],
    [ "CONTIENT,LOCATION,0", 0 ],
    [ "FAIT,CLIENT,0", 0 ],
    [ "FAIT,LOCATION,0", 0 ]
  ],
  "ratio": []
}
